time,open,high,low,close
2026-01-01 00:00:00,100.0,100.37215,99.86195,100.30721
2026-01-01 00:01:00,100.30721,100.87833,100.01342,100.62104
2026-01-01 00:02:00,100.62104,101.02135,100.60591,100.99357
2026-01-01 00:03:00,100.99357,101.12765,100.66995,100.7596
2026-01-01 00:04:00,100.7596,101.05255,100.29142,100.39407
2026-01-01 00:05:00,100.39407,100.41305,99.8256,99.98546
2026-01-01 00:06:00,99.98546,100.48444,99.8462,100.23666
2026-01-01 00:07:00,100.23666,100.59968,100.16371,100.46653
2026-01-01 00:08:00,100.46653,100.66136,100.27311,100.38353
2026-01-01 00:09:00,100.38353,100.39254,99.72741,99.986
2026-01-01 00:10:00,99.986,100.38056,99.88254,100.23078
2026-01-01 00:11:00,100.23078,100.23616,99.62027,99.78838
2026-01-01 00:12:00,99.78838,100.14697,99.76595,100.13875
2026-01-01 00:13:00,100.13875,100.46866,99.88684,100.18845
2026-01-01 00:14:00,100.18845,100.19866,99.88315,100.01992
2026-01-01 00:15:00,100.01992,100.06965,99.57024,99.6126
2026-01-01 00:16:00,99.6126,99.79631,99.35608,99.44926
2026-01-01 00:17:00,99.44926,99.78207,99.37201,99.76381
2026-01-01 00:18:00,99.76381,100.20904,99.52208,100.16804
2026-01-01 00:19:00,100.16804,100.40306,99.65166,99.8335
2026-01-01 00:20:00,99.8335,100.09416,99.76727,100.03991
2026-01-01 00:21:00,100.03991,100.3298,99.8859,100.06652
2026-01-01 00:22:00,100.06652,100.55488,99.92733,100.32674
2026-01-01 00:23:00,100.32674,100.60922,100.03262,100.38989
2026-01-01 00:24:00,100.38989,100.64103,100.29816,100.35785
2026-01-01 00:25:00,100.35785,100.57062,100.04677,100.27979
2026-01-01 00:26:00,100.27979,100.28169,100.02516,100.04366
2026-01-01 00:27:00,100.04366,100.11698,99.79582,99.86011
2026-01-01 00:28:00,99.86011,99.88479,99.57994,99.80918
2026-01-01 00:29:00,99.80918,100.08664,99.57677,99.91763
2026-01-01 00:30:00,99.91763,100.48087,99.80706,100.29187
2026-01-01 00:31:00,100.29187,100.42258,99.84438,99.85058
2026-01-01 00:32:00,99.85058,100.12937,99.76033,99.76215
2026-01-01 00:33:00,99.76215,100.38914,99.4743,100.2157
2026-01-01 00:34:00,100.2157,100.63184,99.9871,100.37843
2026-01-01 00:35:00,100.37843,100.67738,99.85592,99.95815
2026-01-01 00:36:00,99.95815,100.06613,99.40556,99.52163
2026-01-01 00:37:00,99.52163,99.58168,98.91057,99.11922
2026-01-01 00:38:00,99.11922,99.2201,98.91039,99.12257
2026-01-01 00:39:00,99.12257,99.26032,98.54649,98.83476
2026-01-01 00:40:00,98.83476,99.29189,98.8338,99.06995
2026-01-01 00:41:00,99.06995,99.22113,98.90646,99.00607
2026-01-01 00:42:00,99.00607,99.2501,98.6437,98.7516
2026-01-01 00:43:00,98.7516,99.41649,98.47637,99.22897
2026-01-01 00:44:00,99.22897,99.34832,98.70435,98.75916
2026-01-01 00:45:00,98.75916,99.18793,98.52784,98.96625
2026-01-01 00:46:00,98.96625,99.25168,98.70608,99.24544
2026-01-01 00:47:00,99.24544,99.66669,99.02772,99.51378
2026-01-01 00:48:00,99.51378,99.52551,99.21298,99.34645
2026-01-01 00:49:00,99.34645,99.38069,98.87289,99.13069
2026-01-01 00:50:00,99.13069,99.24402,98.83975,99.04072
2026-01-01 00:51:00,99.04072,99.31158,98.55953,98.73735
2026-01-01 00:52:00,98.73735,99.02269,98.34978,98.47937
2026-01-01 00:53:00,98.47937,98.70421,98.20304,98.23269
2026-01-01 00:54:00,98.23269,98.73633,97.95471,98.70982
2026-01-01 00:55:00,98.70982,98.96673,98.36163,98.61711
2026-01-01 00:56:00,98.61711,98.80192,98.18713,98.18872
2026-01-01 00:57:00,98.18872,98.47792,97.90761,98.22629
2026-01-01 00:58:00,98.22629,98.97958,98.07654,98.68927
2026-01-01 00:59:00,98.68927,98.87855,98.6418,98.87107
2026-01-01 01:00:00,98.87107,98.87305,98.29745,98.41685
2026-01-01 01:01:00,98.41685,98.67608,98.24707,98.30521
2026-01-01 01:02:00,98.30521,98.49647,98.05281,98.09736
2026-01-01 01:03:00,98.09736,98.72065,98.07422,98.42098
2026-01-01 01:04:00,98.42098,98.85279,98.14704,98.72115
2026-01-01 01:05:00,98.72115,98.96527,98.08442,98.36241
2026-01-01 01:06:00,98.36241,98.63665,97.97982,98.22104
2026-01-01 01:07:00,98.22104,98.29941,98.10915,98.23385
2026-01-01 01:08:00,98.23385,98.7898,98.16087,98.51048
2026-01-01 01:09:00,98.51048,98.79085,98.47914,98.5298
2026-01-01 01:10:00,98.5298,98.5702,98.06213,98.23893
2026-01-01 01:11:00,98.23893,98.44523,97.65121,97.88124
2026-01-01 01:12:00,97.88124,98.2175,97.78477,98.19924
2026-01-01 01:13:00,98.19924,98.39112,97.6851,97.97883
2026-01-01 01:14:00,97.97883,98.18159,97.7691,97.88393
2026-01-01 01:15:00,97.88393,97.88852,97.38036,97.52167
2026-01-01 01:16:00,97.52167,98.04379,97.28712,97.90799
2026-01-01 01:17:00,97.90799,98.47948,97.7794,98.30052
2026-01-01 01:18:00,98.30052,98.32861,98.10324,98.19136
2026-01-01 01:19:00,98.19136,98.41315,97.98577,98.25459
2026-01-01 01:20:00,98.25459,98.78726,98.08937,98.70211
2026-01-01 01:21:00,98.70211,98.91163,98.40546,98.54577
2026-01-01 01:22:00,98.54577,98.76843,98.41165,98.47426
2026-01-01 01:23:00,98.47426,98.63366,97.8462,98.11699
2026-01-01 01:24:00,98.11699,98.19791,97.84726,97.97072
2026-01-01 01:25:00,97.97072,98.2976,97.95708,98.19568
2026-01-01 01:26:00,98.19568,98.47968,97.88453,97.99223
2026-01-01 01:27:00,97.99223,98.56003,97.91879,98.46087
2026-01-01 01:28:00,98.46087,98.72835,98.08135,98.35347
2026-01-01 01:29:00,98.35347,98.77263,98.22266,98.48649
2026-01-01 01:30:00,98.48649,98.96832,98.21855,98.79164
2026-01-01 01:31:00,98.79164,98.86399,98.1499,98.44907
2026-01-01 01:32:00,98.44907,98.57913,97.72252,98.01296
2026-01-01 01:33:00,98.01296,98.10346,97.46942,97.51713
2026-01-01 01:34:00,97.51713,97.64297,96.97736,97.05451
2026-01-01 01:35:00,97.05451,97.51876,96.84835,97.3186
2026-01-01 01:36:00,97.3186,97.38077,96.59706,96.83224
2026-01-01 01:37:00,96.83224,97.12565,96.29515,96.37982
2026-01-01 01:38:00,96.37982,96.9536,96.19912,96.87088
2026-01-01 01:39:00,96.87088,97.00516,96.45821,96.64156
2026-01-01 01:40:00,96.64156,97.00608,96.47588,96.85197
2026-01-01 01:41:00,96.85197,96.98276,96.49297,96.75071
2026-01-01 01:42:00,96.75071,96.91313,96.6443,96.68369
2026-01-01 01:43:00,96.68369,96.72765,96.14983,96.28905
2026-01-01 01:44:00,96.28905,96.51375,95.87612,96.11343
2026-01-01 01:45:00,96.11343,96.37023,95.98376,96.04731
2026-01-01 01:46:00,96.04731,96.45933,95.81033,96.37322
2026-01-01 01:47:00,96.37322,96.93632,96.33808,96.77643
2026-01-01 01:48:00,96.77643,96.856,96.53414,96.61156
2026-01-01 01:49:00,96.61156,96.80824,96.47994,96.69454
2026-01-01 01:50:00,96.69454,97.32417,96.61052,97.08713
2026-01-01 01:51:00,97.08713,97.48758,96.89691,97.44334
2026-01-01 01:52:00,97.44334,97.69381,97.31735,97.34117
2026-01-01 01:53:00,97.34117,97.88241,97.22658,97.82984
2026-01-01 01:54:00,97.82984,98.20018,97.55444,98.00113
2026-01-01 01:55:00,98.00113,98.17526,97.73517,97.93828
2026-01-01 01:56:00,97.93828,98.14045,97.694,97.93021
2026-01-01 01:57:00,97.93021,98.34001,97.75102,98.16231
2026-01-01 01:58:00,98.16231,98.60086,97.99629,98.47906
2026-01-01 01:59:00,98.47906,98.68251,98.26981,98.60159
2026-01-01 02:00:00,98.60159,98.66938,98.51611,98.63431
2026-01-01 02:01:00,98.63431,98.92704,98.5282,98.55054
2026-01-01 02:02:00,98.55054,98.99852,98.47223,98.98954
2026-01-01 02:03:00,98.98954,99.64188,98.78351,99.39113
2026-01-01 02:04:00,99.39113,99.76705,99.24284,99.59396
2026-01-01 02:05:00,99.59396,100.24128,99.46146,100.01548
2026-01-01 02:06:00,100.01548,100.47922,100.01537,100.4107
2026-01-01 02:07:00,100.4107,100.59646,100.11005,100.12679
2026-01-01 02:08:00,100.12679,100.34146,99.53066,99.76078
2026-01-01 02:09:00,99.76078,100.04897,99.66092,99.99025
2026-01-01 02:10:00,99.99025,100.29523,99.93822,100.07602
2026-01-01 02:11:00,100.07602,100.54546,99.80258,100.50045
2026-01-01 02:12:00,100.50045,100.76528,99.87196,100.04945
2026-01-01 02:13:00,100.04945,100.32843,99.88158,100.27146
2026-01-01 02:14:00,100.27146,100.53086,100.12194,100.38108
2026-01-01 02:15:00,100.38108,100.46709,99.87118,100.09976
2026-01-01 02:16:00,100.09976,100.22711,99.75964,99.82489
2026-01-01 02:17:00,99.82489,100.03619,99.36403,99.61181
2026-01-01 02:18:00,99.61181,100.32114,99.53146,100.03806
2026-01-01 02:19:00,100.03806,100.32911,99.75349,99.75987
2026-01-01 02:20:00,99.75987,99.96442,99.12307,99.26078
2026-01-01 02:21:00,99.26078,99.63763,99.23215,99.3615
2026-01-01 02:22:00,99.3615,99.6855,99.27762,99.64584
2026-01-01 02:23:00,99.64584,99.66731,98.94491,99.19025
2026-01-01 02:24:00,99.19025,99.45608,99.0401,99.22102
2026-01-01 02:25:00,99.22102,99.73569,99.14077,99.66683
2026-01-01 02:26:00,99.66683,100.10054,99.60102,100.03428
2026-01-01 02:27:00,100.03428,100.30553,99.69642,99.9101
2026-01-01 02:28:00,99.9101,99.93498,99.41146,99.60003
2026-01-01 02:29:00,99.60003,99.88936,99.52841,99.88777
2026-01-01 02:30:00,99.88777,100.16578,99.55076,99.78538
2026-01-01 02:31:00,99.78538,99.84042,99.66596,99.7162
2026-01-01 02:32:00,99.7162,99.94466,99.61952,99.85368
2026-01-01 02:33:00,99.85368,100.1355,99.70199,99.93225
2026-01-01 02:34:00,99.93225,100.17186,99.83476,99.97112
2026-01-01 02:35:00,99.97112,100.22696,99.56418,99.651
2026-01-01 02:36:00,99.651,100.18853,99.42826,100.05932
2026-01-01 02:37:00,100.05932,100.55736,99.77089,100.50451
2026-01-01 02:38:00,100.50451,100.50695,99.91245,100.09285
2026-01-01 02:39:00,100.09285,100.38976,99.82773,100.27383
2026-01-01 02:40:00,100.27383,100.82653,100.1749,100.63051
2026-01-01 02:41:00,100.63051,100.71566,100.44142,100.67925
2026-01-01 02:42:00,100.67925,100.97852,100.5001,100.9552
2026-01-01 02:43:00,100.9552,101.23287,100.64447,100.87819
2026-01-01 02:44:00,100.87819,101.06364,100.63957,101.01572
2026-01-01 02:45:00,101.01572,101.22385,100.71231,100.87207
2026-01-01 02:46:00,100.87207,101.01881,100.41093,100.64785
2026-01-01 02:47:00,100.64785,100.86784,100.56477,100.60095
2026-01-01 02:48:00,100.60095,101.19214,100.45914,100.99814
2026-01-01 02:49:00,100.99814,101.51382,100.72681,101.27587
2026-01-01 02:50:00,101.27587,101.34263,100.66876,100.79709
2026-01-01 02:51:00,100.79709,101.17194,100.70775,101.16761
2026-01-01 02:52:00,101.16761,101.46171,101.01279,101.11191
2026-01-01 02:53:00,101.11191,101.30135,100.85786,101.05815
2026-01-01 02:54:00,101.05815,101.22257,100.89756,101.07716
2026-01-01 02:55:00,101.07716,101.2782,100.46357,100.71635
2026-01-01 02:56:00,100.71635,100.9085,100.05495,100.27321
2026-01-01 02:57:00,100.27321,100.49388,99.80381,99.97198
2026-01-01 02:58:00,99.97198,100.29883,99.81785,100.24431
2026-01-01 02:59:00,100.24431,100.7821,100.06123,100.6966
2026-01-01 03:00:00,100.6966,100.95739,100.14277,100.21537
2026-01-01 03:01:00,100.21537,100.3088,100.18756,100.22363
2026-01-01 03:02:00,100.22363,100.49699,99.70501,99.99885
2026-01-01 03:03:00,99.99885,100.41902,99.88286,100.24114
2026-01-01 03:04:00,100.24114,100.30677,99.81948,100.0987
2026-01-01 03:05:00,100.0987,100.48333,99.85077,100.2467
2026-01-01 03:06:00,100.2467,100.50201,100.00893,100.41238
2026-01-01 03:07:00,100.41238,100.49836,99.84265,99.98476
2026-01-01 03:08:00,99.98476,100.33782,99.78662,100.07977
2026-01-01 03:09:00,100.07977,100.09386,99.7144,99.94122
2026-01-01 03:10:00,99.94122,100.35006,99.93049,100.26414
2026-01-01 03:11:00,100.26414,100.28941,99.70235,99.97635
2026-01-01 03:12:00,99.97635,100.29408,99.83583,100.01167
2026-01-01 03:13:00,100.01167,100.70535,99.75741,100.50739
2026-01-01 03:14:00,100.50739,101.09756,100.3525,100.96856
2026-01-01 03:15:00,100.96856,101.2625,100.88905,101.18656
2026-01-01 03:16:00,101.18656,101.41601,100.97133,101.17358
2026-01-01 03:17:00,101.17358,101.21567,100.66651,100.90838
2026-01-01 03:18:00,100.90838,101.15188,100.19092,100.44175
2026-01-01 03:19:00,100.44175,100.84978,100.15703,100.7065
2026-01-01 03:20:00,100.7065,101.29951,100.68896,101.20233
2026-01-01 03:21:00,101.20233,101.48629,100.81538,100.95377
2026-01-01 03:22:00,100.95377,101.69377,100.75435,101.4505
2026-01-01 03:23:00,101.4505,101.4867,101.02239,101.2198
2026-01-01 03:24:00,101.2198,101.4281,101.05602,101.07695
2026-01-01 03:25:00,101.07695,101.48678,100.88261,101.29024
2026-01-01 03:26:00,101.29024,101.76867,101.27361,101.53822
2026-01-01 03:27:00,101.53822,101.54122,101.28011,101.46028
2026-01-01 03:28:00,101.46028,101.77818,101.42722,101.59896
2026-01-01 03:29:00,101.59896,102.19778,101.41802,102.00416
2026-01-01 03:30:00,102.00416,102.23007,101.64146,101.86311
2026-01-01 03:31:00,101.86311,102.04271,101.7196,101.98914
2026-01-01 03:32:00,101.98914,102.24544,101.54817,101.6802
2026-01-01 03:33:00,101.6802,101.70837,100.95422,101.19828
2026-01-01 03:34:00,101.19828,101.23439,100.92081,101.14702
2026-01-01 03:35:00,101.14702,101.18348,100.98506,101.13504
2026-01-01 03:36:00,101.13504,101.47815,100.88388,101.41408
2026-01-01 03:37:00,101.41408,101.6043,101.02513,101.1583
2026-01-01 03:38:00,101.1583,101.17962,100.6542,100.67838
2026-01-01 03:39:00,100.67838,101.13571,100.38295,100.87347
2026-01-01 03:40:00,100.87347,101.31378,100.69661,101.21581
2026-01-01 03:41:00,101.21581,101.35956,100.89776,101.10653
2026-01-01 03:42:00,101.10653,101.26085,100.70948,100.77892
2026-01-01 03:43:00,100.77892,101.00449,100.72396,100.86306
2026-01-01 03:44:00,100.86306,101.57863,100.60097,101.29178
2026-01-01 03:45:00,101.29178,101.62096,101.0037,101.51271
2026-01-01 03:46:00,101.51271,101.63857,101.3423,101.61584
2026-01-01 03:47:00,101.61584,101.76611,101.32186,101.75161
2026-01-01 03:48:00,101.75161,102.08448,101.45993,101.99944
2026-01-01 03:49:00,101.99944,102.48052,101.94326,102.32396
2026-01-01 03:50:00,102.32396,102.383,102.09521,102.18138
2026-01-01 03:51:00,102.18138,102.30017,101.91615,102.04285
2026-01-01 03:52:00,102.04285,102.60064,101.94436,102.3329
2026-01-01 03:53:00,102.3329,102.41471,101.91923,102.18799
2026-01-01 03:54:00,102.18799,102.42789,101.91967,102.11741
2026-01-01 03:55:00,102.11741,102.65298,101.97896,102.35979
2026-01-01 03:56:00,102.35979,102.85228,102.35713,102.63522
2026-01-01 03:57:00,102.63522,103.29997,102.44875,103.11303
2026-01-01 03:58:00,103.11303,103.26904,102.58088,102.66883
2026-01-01 03:59:00,102.66883,102.88612,102.62247,102.71476
2026-01-01 04:00:00,102.71476,102.83406,102.49105,102.80421
2026-01-01 04:01:00,102.80421,103.09082,102.73814,103.02133
2026-01-01 04:02:00,103.02133,103.62341,102.9587,103.47513
2026-01-01 04:03:00,103.47513,103.62138,103.20099,103.3031
2026-01-01 04:04:00,103.3031,103.47038,102.66185,102.95351
2026-01-01 04:05:00,102.95351,103.43944,102.79138,103.22608
2026-01-01 04:06:00,103.22608,103.64005,103.02723,103.38764
2026-01-01 04:07:00,103.38764,103.62138,102.82853,103.01569
2026-01-01 04:08:00,103.01569,103.03093,102.67791,102.69395
2026-01-01 04:09:00,102.69395,102.86386,102.37117,102.45965
2026-01-01 04:10:00,102.45965,102.81196,102.4371,102.64519
2026-01-01 04:11:00,102.64519,102.89485,102.34878,102.74798
2026-01-01 04:12:00,102.74798,102.91751,102.22949,102.51478
2026-01-01 04:13:00,102.51478,102.63759,102.02795,102.10629
2026-01-01 04:14:00,102.10629,102.13049,101.62974,101.72026
2026-01-01 04:15:00,101.72026,101.94061,101.7003,101.85771
2026-01-01 04:16:00,101.85771,101.89346,101.53465,101.77769
2026-01-01 04:17:00,101.77769,102.02988,101.66286,101.6715
2026-01-01 04:18:00,101.6715,101.81642,101.27392,101.29237
2026-01-01 04:19:00,101.29237,101.37468,100.76288,100.82052
2026-01-01 04:20:00,100.82052,100.91811,100.69565,100.78246
2026-01-01 04:21:00,100.78246,100.90498,100.48019,100.60393
2026-01-01 04:22:00,100.60393,101.2389,100.3421,101.05092
2026-01-01 04:23:00,101.05092,101.2885,101.03166,101.13368
2026-01-01 04:24:00,101.13368,101.6269,100.83397,101.52248
2026-01-01 04:25:00,101.52248,101.65695,101.24959,101.34416
2026-01-01 04:26:00,101.34416,101.58866,101.17877,101.33492
2026-01-01 04:27:00,101.33492,101.49714,100.9475,100.99139
2026-01-01 04:28:00,100.99139,101.28199,100.67577,100.79371
2026-01-01 04:29:00,100.79371,101.36408,100.65846,101.27086
2026-01-01 04:30:00,101.27086,101.4918,100.92432,101.22133
2026-01-01 04:31:00,101.22133,101.53137,100.92833,101.38546
2026-01-01 04:32:00,101.38546,101.66266,101.20935,101.32058
2026-01-01 04:33:00,101.32058,101.45835,101.31227,101.43471
2026-01-01 04:34:00,101.43471,101.90516,101.31398,101.78996
2026-01-01 04:35:00,101.78996,101.92855,101.54389,101.90365
2026-01-01 04:36:00,101.90365,102.06965,101.68385,101.89254
2026-01-01 04:37:00,101.89254,102.02235,101.63097,101.97641
2026-01-01 04:38:00,101.97641,102.32742,101.77356,102.2937
2026-01-01 04:39:00,102.2937,102.563,102.13532,102.24892
2026-01-01 04:40:00,102.24892,102.5293,101.49918,101.76794
2026-01-01 04:41:00,101.76794,101.93699,101.3487,101.43768
2026-01-01 04:42:00,101.43768,102.07595,101.1626,101.8336
2026-01-01 04:43:00,101.8336,102.30675,101.64695,102.28413
2026-01-01 04:44:00,102.28413,102.78129,102.19848,102.63238
2026-01-01 04:45:00,102.63238,102.64233,102.32039,102.53858
2026-01-01 04:46:00,102.53858,102.85655,102.52337,102.85276
2026-01-01 04:47:00,102.85276,103.04288,102.76949,102.79274
2026-01-01 04:48:00,102.79274,103.30948,102.58205,103.28719
2026-01-01 04:49:00,103.28719,103.90076,103.24917,103.63628
2026-01-01 04:50:00,103.63628,103.69676,103.49208,103.58478
2026-01-01 04:51:00,103.58478,103.71816,103.30832,103.54866
2026-01-01 04:52:00,103.54866,103.81041,103.39932,103.42573
2026-01-01 04:53:00,103.42573,103.68947,103.13247,103.17136
2026-01-01 04:54:00,103.17136,103.44951,102.63123,102.88293
2026-01-01 04:55:00,102.88293,103.11778,102.57339,102.69128
2026-01-01 04:56:00,102.69128,102.73165,102.34141,102.45457
2026-01-01 04:57:00,102.45457,102.9663,102.37019,102.84437
2026-01-01 04:58:00,102.84437,103.18892,102.66623,102.98015
2026-01-01 04:59:00,102.98015,103.15266,102.85251,103.12995
2026-01-01 05:00:00,103.12995,103.13861,102.88421,102.89448
2026-01-01 05:01:00,102.89448,103.19506,102.60477,103.06872
2026-01-01 05:02:00,103.06872,103.21354,102.6643,102.88897
2026-01-01 05:03:00,102.88897,103.10549,102.4848,102.65354
2026-01-01 05:04:00,102.65354,103.09551,102.63263,102.84057
2026-01-01 05:05:00,102.84057,102.91185,102.66509,102.77591
2026-01-01 05:06:00,102.77591,102.92522,102.11742,102.29257
2026-01-01 05:07:00,102.29257,102.3816,102.12174,102.21624
2026-01-01 05:08:00,102.21624,102.58515,102.16689,102.54676
2026-01-01 05:09:00,102.54676,102.74199,102.35088,102.53382
2026-01-01 05:10:00,102.53382,102.74326,101.85871,102.12851
2026-01-01 05:11:00,102.12851,102.59843,102.00718,102.32362
2026-01-01 05:12:00,102.32362,102.84977,102.25706,102.75057
2026-01-01 05:13:00,102.75057,102.87628,102.65302,102.77917
2026-01-01 05:14:00,102.77917,103.00189,102.74186,102.77611
2026-01-01 05:15:00,102.77611,103.25287,102.68578,102.95405
2026-01-01 05:16:00,102.95405,103.2143,102.82877,103.03572
2026-01-01 05:17:00,103.03572,103.31075,102.87033,103.09665
2026-01-01 05:18:00,103.09665,103.30074,102.5152,102.64909
2026-01-01 05:19:00,102.64909,103.00652,102.44426,102.95227
2026-01-01 05:20:00,102.95227,103.17507,102.87209,102.94079
2026-01-01 05:21:00,102.94079,103.11095,102.23608,102.49771
2026-01-01 05:22:00,102.49771,102.88399,102.40257,102.77888
2026-01-01 05:23:00,102.77888,102.89647,102.16357,102.3859
2026-01-01 05:24:00,102.3859,102.60396,102.25414,102.54846
2026-01-01 05:25:00,102.54846,102.82902,102.5024,102.5503
2026-01-01 05:26:00,102.5503,102.57459,102.26492,102.45423
2026-01-01 05:27:00,102.45423,102.80644,102.22889,102.75184
2026-01-01 05:28:00,102.75184,102.75268,102.18319,102.39837
2026-01-01 05:29:00,102.39837,102.51344,101.97189,102.16457
2026-01-01 05:30:00,102.16457,102.31011,101.8449,102.10659
2026-01-01 05:31:00,102.10659,102.19127,101.70669,101.72393
2026-01-01 05:32:00,101.72393,101.86106,101.70371,101.84658
2026-01-01 05:33:00,101.84658,102.37159,101.61098,102.2977
2026-01-01 05:34:00,102.2977,102.6353,102.12142,102.46166
2026-01-01 05:35:00,102.46166,102.58694,102.43232,102.49298
2026-01-01 05:36:00,102.49298,102.71875,102.30469,102.3675
2026-01-01 05:37:00,102.3675,102.58487,102.33297,102.58438
2026-01-01 05:38:00,102.58438,102.76331,102.33167,102.37945
2026-01-01 05:39:00,102.37945,103.08889,102.14812,102.83034
2026-01-01 05:40:00,102.83034,102.96797,102.0888,102.33959
2026-01-01 05:41:00,102.33959,102.4178,102.19049,102.27148
2026-01-01 05:42:00,102.27148,102.60894,102.17985,102.49975
2026-01-01 05:43:00,102.49975,102.77743,102.25113,102.65998
2026-01-01 05:44:00,102.65998,102.95697,102.24896,102.53107
2026-01-01 05:45:00,102.53107,102.78333,102.13582,102.32441
2026-01-01 05:46:00,102.32441,102.95857,102.15531,102.79645
2026-01-01 05:47:00,102.79645,103.12225,102.60149,103.07804
2026-01-01 05:48:00,103.07804,103.48709,102.7822,103.29063
2026-01-01 05:49:00,103.29063,103.77979,102.9983,103.58369
2026-01-01 05:50:00,103.58369,103.92008,103.57516,103.79502
2026-01-01 05:51:00,103.79502,104.16513,103.50706,103.95684
2026-01-01 05:52:00,103.95684,104.2845,103.76258,104.28047
2026-01-01 05:53:00,104.28047,104.31989,103.75898,104.00263
2026-01-01 05:54:00,104.00263,104.18819,103.74506,104.04459
2026-01-01 05:55:00,104.04459,104.09819,103.62763,103.84064
2026-01-01 05:56:00,103.84064,103.90486,103.7063,103.7205
2026-01-01 05:57:00,103.7205,104.24907,103.42858,104.14265
2026-01-01 05:58:00,104.14265,104.17442,103.87272,104.0776
2026-01-01 05:59:00,104.0776,104.65535,104.06106,104.35949
2026-01-01 06:00:00,104.35949,104.5045,103.89586,103.94214
2026-01-01 06:01:00,103.94214,104.26295,103.87925,104.1873
2026-01-01 06:02:00,104.1873,104.31975,104.07495,104.1508
2026-01-01 06:03:00,104.1508,104.23932,103.55111,103.71999
2026-01-01 06:04:00,103.71999,103.93488,103.14823,103.22903
2026-01-01 06:05:00,103.22903,103.88161,103.07537,103.62267
2026-01-01 06:06:00,103.62267,103.91139,103.32057,103.37451
2026-01-01 06:07:00,103.37451,103.6443,102.85177,103.07977
2026-01-01 06:08:00,103.07977,103.13016,102.92208,103.04395
2026-01-01 06:09:00,103.04395,103.04962,102.86466,102.8935
2026-01-01 06:10:00,102.8935,102.95826,102.56015,102.81429
2026-01-01 06:11:00,102.81429,103.22275,102.71983,103.17073
2026-01-01 06:12:00,103.17073,103.62454,102.87264,103.44925
2026-01-01 06:13:00,103.44925,103.90971,103.18422,103.89506
2026-01-01 06:14:00,103.89506,104.43086,103.61443,104.37811
2026-01-01 06:15:00,104.37811,104.56645,103.98166,104.03882
2026-01-01 06:16:00,104.03882,104.3341,103.37387,103.61334
2026-01-01 06:17:00,103.61334,103.74754,103.01479,103.23716
2026-01-01 06:18:00,103.23716,103.84792,103.02947,103.57988
2026-01-01 06:19:00,103.57988,103.87503,103.26214,103.2642
2026-01-01 06:20:00,103.2642,103.46552,103.01894,103.06984
2026-01-01 06:21:00,103.06984,103.32188,102.98895,103.03454
2026-01-01 06:22:00,103.03454,103.20952,102.65225,102.7629
2026-01-01 06:23:00,102.7629,103.46259,102.59892,103.16762
2026-01-01 06:24:00,103.16762,103.48897,103.12292,103.45864
2026-01-01 06:25:00,103.45864,103.54871,103.41071,103.42457
2026-01-01 06:26:00,103.42457,103.8381,103.19936,103.64045
2026-01-01 06:27:00,103.64045,104.23778,103.5667,104.02897
2026-01-01 06:28:00,104.02897,104.16204,103.46138,103.53595
2026-01-01 06:29:00,103.53595,104.0931,103.28382,103.83978
2026-01-01 06:30:00,103.83978,104.30118,103.81369,104.19855
2026-01-01 06:31:00,104.19855,104.79822,104.02319,104.66956
2026-01-01 06:32:00,104.66956,104.99856,104.56678,104.97569
2026-01-01 06:33:00,104.97569,105.07307,104.8191,104.8869
2026-01-01 06:34:00,104.8869,105.12306,104.7742,105.0614
2026-01-01 06:35:00,105.0614,105.25814,104.90521,105.10339
2026-01-01 06:36:00,105.10339,105.39241,104.76843,104.88961
2026-01-01 06:37:00,104.88961,105.12666,104.71519,104.85952
2026-01-01 06:38:00,104.85952,105.13819,104.81891,104.96392
2026-01-01 06:39:00,104.96392,105.60189,104.81744,105.36963
2026-01-01 06:40:00,105.36963,105.55225,105.2929,105.33618
2026-01-01 06:41:00,105.33618,105.57154,105.05392,105.35953
2026-01-01 06:42:00,105.35953,105.49579,104.88891,104.96336
2026-01-01 06:43:00,104.96336,105.50115,104.72234,105.39792
2026-01-01 06:44:00,105.39792,105.96788,105.12683,105.79958
2026-01-01 06:45:00,105.79958,105.93581,105.46824,105.76686
2026-01-01 06:46:00,105.76686,106.24882,105.76351,106.08381
2026-01-01 06:47:00,106.08381,106.57568,105.81617,106.5321
2026-01-01 06:48:00,106.5321,106.79248,105.9595,106.05761
2026-01-01 06:49:00,106.05761,106.31912,105.79768,106.10934
2026-01-01 06:50:00,106.10934,106.21226,105.61609,105.87512
2026-01-01 06:51:00,105.87512,106.28742,105.64414,106.13121
2026-01-01 06:52:00,106.13121,106.26149,105.41858,105.67526
2026-01-01 06:53:00,105.67526,105.88236,105.47603,105.66605
2026-01-01 06:54:00,105.66605,105.92675,105.41923,105.77777
2026-01-01 06:55:00,105.77777,106.39488,105.60051,106.27549
2026-01-01 06:56:00,106.27549,106.33732,105.68663,105.90856
2026-01-01 06:57:00,105.90856,106.2777,105.81859,106.20982
2026-01-01 06:58:00,106.20982,106.43815,106.00105,106.40556
2026-01-01 06:59:00,106.40556,107.02309,106.26656,106.80653
2026-01-01 07:00:00,106.80653,107.3516,106.76137,107.16894
2026-01-01 07:01:00,107.16894,107.6813,106.96039,107.51449
2026-01-01 07:02:00,107.51449,108.30181,107.29666,108.00227
2026-01-01 07:03:00,108.00227,108.23026,107.91351,108.20619
2026-01-01 07:04:00,108.20619,108.31195,107.98309,108.16219
2026-01-01 07:05:00,108.16219,108.42878,107.89005,108.05545
2026-01-01 07:06:00,108.05545,108.22427,107.27977,107.56824
2026-01-01 07:07:00,107.56824,107.66263,106.96868,107.11811
2026-01-01 07:08:00,107.11811,107.28565,106.85882,107.12771
2026-01-01 07:09:00,107.12771,107.39628,107.00537,107.27223
2026-01-01 07:10:00,107.27223,107.43654,106.81742,106.97135
2026-01-01 07:11:00,106.97135,107.0688,106.89884,106.9928
2026-01-01 07:12:00,106.9928,107.62995,106.7496,107.33584
2026-01-01 07:13:00,107.33584,107.7712,107.20263,107.72209
2026-01-01 07:14:00,107.72209,107.79993,107.63832,107.69129
2026-01-01 07:15:00,107.69129,107.77267,107.06529,107.23608
2026-01-01 07:16:00,107.23608,107.64085,107.10657,107.56582
2026-01-01 07:17:00,107.56582,107.62764,107.38413,107.49588
2026-01-01 07:18:00,107.49588,107.9635,107.24142,107.81552
2026-01-01 07:19:00,107.81552,108.01674,107.41804,107.53854
2026-01-01 07:20:00,107.53854,107.71721,107.26102,107.65163
2026-01-01 07:21:00,107.65163,108.24839,107.429,107.97113
2026-01-01 07:22:00,107.97113,108.38122,107.89399,108.09347
2026-01-01 07:23:00,108.09347,108.28682,107.7545,107.99066
2026-01-01 07:24:00,107.99066,108.08624,107.31731,107.54784
2026-01-01 07:25:00,107.54784,107.73594,107.45648,107.54609
2026-01-01 07:26:00,107.54609,107.62961,107.24362,107.45477
2026-01-01 07:27:00,107.45477,107.51025,107.26716,107.38793
2026-01-01 07:28:00,107.38793,107.56602,107.06761,107.33405
2026-01-01 07:29:00,107.33405,107.70369,107.29273,107.6333
2026-01-01 07:30:00,107.6333,108.17891,107.58435,108.06129
2026-01-01 07:31:00,108.06129,108.55052,107.76881,108.33343
2026-01-01 07:32:00,108.33343,108.5052,108.03324,108.07883
2026-01-01 07:33:00,108.07883,108.34011,107.89871,108.25177
2026-01-01 07:34:00,108.25177,108.56733,108.24444,108.32889
2026-01-01 07:35:00,108.32889,108.33302,108.07779,108.18419
2026-01-01 07:36:00,108.18419,108.3623,107.75656,107.85715
2026-01-01 07:37:00,107.85715,107.99544,107.58617,107.81551
2026-01-01 07:38:00,107.81551,108.44571,107.67875,108.30968
2026-01-01 07:39:00,108.30968,108.74068,108.04461,108.65701
2026-01-01 07:40:00,108.65701,109.19003,108.59298,109.12174
2026-01-01 07:41:00,109.12174,109.14188,108.67034,108.9522
2026-01-01 07:42:00,108.9522,109.58169,108.72986,109.33632
2026-01-01 07:43:00,109.33632,109.9147,109.21209,109.6583
2026-01-01 07:44:00,109.6583,109.77753,108.97094,109.20648
2026-01-01 07:45:00,109.20648,109.746,108.93344,109.64274
2026-01-01 07:46:00,109.64274,109.70877,109.5162,109.62223
2026-01-01 07:47:00,109.62223,109.92931,109.38049,109.81654
2026-01-01 07:48:00,109.81654,110.06789,109.51501,109.81009
2026-01-01 07:49:00,109.81009,109.897,109.10329,109.36412
2026-01-01 07:50:00,109.36412,109.5053,109.16925,109.23664
2026-01-01 07:51:00,109.23664,109.50997,108.94904,109.09094
2026-01-01 07:52:00,109.09094,109.21187,108.83126,108.89806
2026-01-01 07:53:00,108.89806,108.98295,108.41624,108.517
2026-01-01 07:54:00,108.517,108.73628,108.17715,108.24407
2026-01-01 07:55:00,108.24407,108.99891,108.05163,108.73589
2026-01-01 07:56:00,108.73589,109.00673,108.33648,108.49165
2026-01-01 07:57:00,108.49165,108.9537,108.24102,108.78349
2026-01-01 07:58:00,108.78349,109.39836,108.72854,109.26417
2026-01-01 07:59:00,109.26417,109.48399,109.07135,109.21327
2026-01-01 08:00:00,109.21327,109.41152,108.51234,108.744
2026-01-01 08:01:00,108.744,108.94289,108.55363,108.61253
2026-01-01 08:02:00,108.61253,109.1559,108.58875,108.88112
2026-01-01 08:03:00,108.88112,108.97399,108.46609,108.72027
2026-01-01 08:04:00,108.72027,109.0567,108.61208,109.05153
2026-01-01 08:05:00,109.05153,109.50431,108.80453,109.24865
2026-01-01 08:06:00,109.24865,109.81391,109.07684,109.66437
2026-01-01 08:07:00,109.66437,109.9761,109.52136,109.7266
2026-01-01 08:08:00,109.7266,109.91215,109.12984,109.27676
2026-01-01 08:09:00,109.27676,109.42398,109.08735,109.15903
2026-01-01 08:10:00,109.15903,109.22337,108.64216,108.66957
2026-01-01 08:11:00,108.66957,108.74248,108.14717,108.40827
2026-01-01 08:12:00,108.40827,108.76268,108.3205,108.71053
2026-01-01 08:13:00,108.71053,108.82831,108.3914,108.66783
2026-01-01 08:14:00,108.66783,108.88,108.30511,108.37519
2026-01-01 08:15:00,108.37519,108.92087,108.21143,108.62667
2026-01-01 08:16:00,108.62667,108.91532,108.52875,108.75374
2026-01-01 08:17:00,108.75374,109.1812,108.64502,109.16396
2026-01-01 08:18:00,109.16396,109.40691,109.01264,109.25518
2026-01-01 08:19:00,109.25518,109.51059,108.98901,109.38785
2026-01-01 08:20:00,109.38785,109.49164,108.67557,108.90509
2026-01-01 08:21:00,108.90509,109.14356,108.35234,108.64959
2026-01-01 08:22:00,108.64959,108.75592,108.61839,108.69844
2026-01-01 08:23:00,108.69844,109.33011,108.42693,109.18764
2026-01-01 08:24:00,109.18764,109.67416,109.13907,109.43325
2026-01-01 08:25:00,109.43325,109.5052,109.30157,109.42605
2026-01-01 08:26:00,109.42605,109.55558,108.92516,109.21526
2026-01-01 08:27:00,109.21526,109.56995,109.00085,109.53161
2026-01-01 08:28:00,109.53161,109.98722,109.4025,109.81605
2026-01-01 08:29:00,109.81605,109.83114,109.22929,109.35654
2026-01-01 08:30:00,109.35654,109.40252,109.13816,109.19736
2026-01-01 08:31:00,109.19736,109.62891,108.97994,109.38791
2026-01-01 08:32:00,109.38791,109.69686,109.13459,109.65409
2026-01-01 08:33:00,109.65409,109.81414,109.45177,109.68852
2026-01-01 08:34:00,109.68852,110.10295,109.47539,110.09192
2026-01-01 08:35:00,110.09192,110.47692,110.08309,110.30795
2026-01-01 08:36:00,110.30795,110.60094,109.86657,110.12195
2026-01-01 08:37:00,110.12195,110.34087,109.5071,109.73917
2026-01-01 08:38:00,109.73917,109.84258,109.07092,109.26975
2026-01-01 08:39:00,109.26975,109.61011,109.24076,109.599
2026-01-01 08:40:00,109.599,109.71133,108.91729,109.1233
2026-01-01 08:41:00,109.1233,109.14617,108.65134,108.91471
2026-01-01 08:42:00,108.91471,109.15336,108.73136,109.00439
2026-01-01 08:43:00,109.00439,109.16163,108.67277,108.84808
2026-01-01 08:44:00,108.84808,109.13968,108.69565,108.73511
2026-01-01 08:45:00,108.73511,109.48866,108.6108,109.23019
2026-01-01 08:46:00,109.23019,109.59909,109.09639,109.48072
2026-01-01 08:47:00,109.48072,109.65822,108.93855,109.19344
2026-01-01 08:48:00,109.19344,109.95353,109.17478,109.68119
2026-01-01 08:49:00,109.68119,109.96483,109.49317,109.94475
2026-01-01 08:50:00,109.94475,109.94842,109.50411,109.67124
2026-01-01 08:51:00,109.67124,109.80575,109.37464,109.46089
2026-01-01 08:52:00,109.46089,109.73598,108.86945,108.96595
2026-01-01 08:53:00,108.96595,109.02632,108.3575,108.49159
2026-01-01 08:54:00,108.49159,108.75259,108.48897,108.5483
2026-01-01 08:55:00,108.5483,108.75726,108.0115,108.29443
2026-01-01 08:56:00,108.29443,108.64734,108.14429,108.61553
2026-01-01 08:57:00,108.61553,108.83581,108.50632,108.76431
2026-01-01 08:58:00,108.76431,109.02518,108.39739,108.40287
2026-01-01 08:59:00,108.40287,108.92944,108.19207,108.62955
2026-01-01 09:00:00,108.62955,108.77427,108.38441,108.5214
2026-01-01 09:01:00,108.5214,108.53355,108.07601,108.16822
2026-01-01 09:02:00,108.16822,108.51752,107.89101,108.25469
2026-01-01 09:03:00,108.25469,108.48327,108.19079,108.42813
2026-01-01 09:04:00,108.42813,108.59468,107.97619,108.04446
2026-01-01 09:05:00,108.04446,108.50019,107.92401,108.43496
2026-01-01 09:06:00,108.43496,108.70494,107.83053,107.93853
2026-01-01 09:07:00,107.93853,108.63064,107.7318,108.34771
2026-01-01 09:08:00,108.34771,108.66841,108.23985,108.39977
2026-01-01 09:09:00,108.39977,108.77142,108.19249,108.55758
2026-01-01 09:10:00,108.55758,108.92817,108.32974,108.86795
2026-01-01 09:11:00,108.86795,108.99688,108.80098,108.9505
2026-01-01 09:12:00,108.9505,109.48408,108.9251,109.35293
2026-01-01 09:13:00,109.35293,109.58838,109.31603,109.56491
2026-01-01 09:14:00,109.56491,109.90215,109.34717,109.8578
2026-01-01 09:15:00,109.8578,110.53172,109.60652,110.28465
2026-01-01 09:16:00,110.28465,110.61925,110.22282,110.34209
2026-01-01 09:17:00,110.34209,110.769,110.22626,110.64097
2026-01-01 09:18:00,110.64097,110.90408,110.03754,110.21266
2026-01-01 09:19:00,110.21266,110.3864,109.7044,109.74041
2026-01-01 09:20:00,109.74041,109.78713,109.09467,109.33337
2026-01-01 09:21:00,109.33337,109.62866,108.63829,108.92753
2026-01-01 09:22:00,108.92753,109.36533,108.74851,109.20674
2026-01-01 09:23:00,109.20674,109.86768,109.12739,109.58036
2026-01-01 09:24:00,109.58036,109.86352,109.11863,109.16264
2026-01-01 09:25:00,109.16264,109.25634,108.89177,109.18224
2026-01-01 09:26:00,109.18224,109.42901,108.76325,108.87669
2026-01-01 09:27:00,108.87669,109.26075,108.67922,109.17607
2026-01-01 09:28:00,109.17607,109.44303,108.98553,109.09094
2026-01-01 09:29:00,109.09094,109.42533,109.05537,109.22542
2026-01-01 09:30:00,109.22542,109.91161,108.9637,109.69566
2026-01-01 09:31:00,109.69566,110.01027,109.6585,109.95666
2026-01-01 09:32:00,109.95666,110.50757,109.73448,110.40984
2026-01-01 09:33:00,110.40984,110.70202,110.34482,110.67124
2026-01-01 09:34:00,110.67124,110.7832,110.51655,110.63071
2026-01-01 09:35:00,110.63071,110.86457,110.60095,110.80171
2026-01-01 09:36:00,110.80171,110.93679,110.64088,110.87291
2026-01-01 09:37:00,110.87291,110.97128,110.34721,110.50964
2026-01-01 09:38:00,110.50964,110.52151,110.08237,110.12981
2026-01-01 09:39:00,110.12981,110.16194,109.62584,109.91661
2026-01-01 09:40:00,109.91661,110.28177,109.6937,110.16152
2026-01-01 09:41:00,110.16152,110.29923,110.13715,110.29473
2026-01-01 09:42:00,110.29473,110.33674,109.85671,110.08992
2026-01-01 09:43:00,110.08992,110.78762,110.05135,110.53829
2026-01-01 09:44:00,110.53829,110.58858,110.38903,110.48432
2026-01-01 09:45:00,110.48432,110.69016,110.13088,110.19486
2026-01-01 09:46:00,110.19486,110.40945,109.72864,109.9164
2026-01-01 09:47:00,109.9164,110.18924,109.90754,110.10707
2026-01-01 09:48:00,110.10707,110.40281,109.5538,109.6203
2026-01-01 09:49:00,109.6203,110.03967,109.50592,109.93826
2026-01-01 09:50:00,109.93826,110.37478,109.64406,110.36112
2026-01-01 09:51:00,110.36112,110.40581,109.81507,110.02691
2026-01-01 09:52:00,110.02691,110.16537,109.6533,109.78118
2026-01-01 09:53:00,109.78118,110.21214,109.77619,109.97664
2026-01-01 09:54:00,109.97664,109.9951,109.80305,109.93791
2026-01-01 09:55:00,109.93791,110.18603,109.42247,109.44847
2026-01-01 09:56:00,109.44847,109.74368,109.29686,109.68443
2026-01-01 09:57:00,109.68443,109.86482,109.54101,109.72375
2026-01-01 09:58:00,109.72375,109.74117,109.42926,109.60272
2026-01-01 09:59:00,109.60272,110.02644,109.55331,109.92923
2026-01-01 10:00:00,109.92923,110.39609,109.91848,110.1733
2026-01-01 10:01:00,110.1733,110.22575,109.49931,109.72008
2026-01-01 10:02:00,109.72008,110.0086,109.0839,109.30397
2026-01-01 10:03:00,109.30397,109.34758,108.67677,108.91651
2026-01-01 10:04:00,108.91651,108.95671,108.56292,108.78552
2026-01-01 10:05:00,108.78552,109.0513,108.5349,108.7289
2026-01-01 10:06:00,108.7289,109.22144,108.7191,109.13381
2026-01-01 10:07:00,109.13381,109.46991,108.87107,109.27353
2026-01-01 10:08:00,109.27353,109.27971,108.69545,108.93165
2026-01-01 10:09:00,108.93165,109.05912,108.84257,108.93498
2026-01-01 10:10:00,108.93498,109.12239,108.915,109.05905
2026-01-01 10:11:00,109.05905,109.48833,108.97828,109.19421
2026-01-01 10:12:00,109.19421,109.60972,109.15651,109.59494
2026-01-01 10:13:00,109.59494,109.62384,109.36598,109.43648
2026-01-01 10:14:00,109.43648,109.65053,109.05404,109.14469
2026-01-01 10:15:00,109.14469,109.7202,109.0395,109.54028
2026-01-01 10:16:00,109.54028,109.7524,109.52396,109.65772
2026-01-01 10:17:00,109.65772,109.68511,109.27779,109.51522
2026-01-01 10:18:00,109.51522,110.1285,109.44621,109.96746
2026-01-01 10:19:00,109.96746,110.02944,109.66179,109.68461
2026-01-01 10:20:00,109.68461,109.7721,109.14024,109.40172
2026-01-01 10:21:00,109.40172,109.67551,108.98347,109.27844
2026-01-01 10:22:00,109.27844,109.51449,108.88265,109.0566
2026-01-01 10:23:00,109.0566,109.15186,108.60838,108.83843
2026-01-01 10:24:00,108.83843,109.48858,108.81562,109.26264
2026-01-01 10:25:00,109.26264,109.37259,109.01297,109.22228
2026-01-01 10:26:00,109.22228,109.8714,109.03025,109.71838
2026-01-01 10:27:00,109.71838,110.12799,109.61442,110.05596
2026-01-01 10:28:00,110.05596,110.20353,109.73399,109.97834
2026-01-01 10:29:00,109.97834,110.05825,109.77848,110.03733
2026-01-01 10:30:00,110.03733,110.29905,109.38505,109.55361
2026-01-01 10:31:00,109.55361,109.89083,109.45403,109.69422
2026-01-01 10:32:00,109.69422,109.98756,109.37762,109.62595
2026-01-01 10:33:00,109.62595,110.03932,109.53418,110.03685
2026-01-01 10:34:00,110.03685,110.6278,109.7424,110.3291
2026-01-01 10:35:00,110.3291,110.77702,110.08501,110.55551
2026-01-01 10:36:00,110.55551,110.92596,110.54892,110.69564
2026-01-01 10:37:00,110.69564,111.31126,110.65978,111.08212
2026-01-01 10:38:00,111.08212,111.69197,111.02501,111.5584
2026-01-01 10:39:00,111.5584,111.82813,111.07902,111.19178
2026-01-01 10:40:00,111.19178,111.23211,110.80561,110.97367
2026-01-01 10:41:00,110.97367,111.13091,110.68211,111.09283
2026-01-01 10:42:00,111.09283,111.26854,111.04993,111.24354
2026-01-01 10:43:00,111.24354,111.89817,111.1372,111.6219
2026-01-01 10:44:00,111.6219,111.67541,111.01786,111.29405
2026-01-01 10:45:00,111.29405,111.56951,111.03632,111.53939
2026-01-01 10:46:00,111.53939,112.30661,111.31661,112.02209
2026-01-01 10:47:00,112.02209,112.34387,111.7887,112.19124
2026-01-01 10:48:00,112.19124,112.31767,111.76456,111.78008
2026-01-01 10:49:00,111.78008,112.04151,111.55479,112.01034
2026-01-01 10:50:00,112.01034,112.14822,111.62007,111.82884
2026-01-01 10:51:00,111.82884,112.07029,111.37706,111.57455
2026-01-01 10:52:00,111.57455,111.98227,111.31712,111.75845
2026-01-01 10:53:00,111.75845,112.32058,111.63191,112.09244
2026-01-01 10:54:00,112.09244,112.2605,111.79245,111.81669
2026-01-01 10:55:00,111.81669,112.09045,111.37062,111.6478
2026-01-01 10:56:00,111.6478,111.80748,111.20975,111.23503
2026-01-01 10:57:00,111.23503,111.84667,111.20931,111.72212
2026-01-01 10:58:00,111.72212,112.11999,111.58539,111.85947
2026-01-01 10:59:00,111.85947,112.00545,111.78647,111.86026
2026-01-01 11:00:00,111.86026,112.36122,111.82989,112.12388
2026-01-01 11:01:00,112.12388,112.33186,111.9172,112.08815
2026-01-01 11:02:00,112.08815,112.12001,111.61114,111.90542
2026-01-01 11:03:00,111.90542,111.98457,111.29883,111.49508
2026-01-01 11:04:00,111.49508,112.13591,111.36749,111.9676
2026-01-01 11:05:00,111.9676,112.17997,111.47025,111.60429
2026-01-01 11:06:00,111.60429,112.3162,111.47035,112.0295
2026-01-01 11:07:00,112.0295,112.17311,111.94488,112.07962
2026-01-01 11:08:00,112.07962,112.64762,112.00428,112.45227
2026-01-01 11:09:00,112.45227,112.58164,111.84626,112.12687
2026-01-01 11:10:00,112.12687,112.25857,111.8739,112.1822
2026-01-01 11:11:00,112.1822,112.3135,111.75085,111.87631
2026-01-01 11:12:00,111.87631,112.13319,111.56575,111.59917
2026-01-01 11:13:00,111.59917,112.15175,111.43463,111.98423
2026-01-01 11:14:00,111.98423,112.70193,111.71962,112.41406
2026-01-01 11:15:00,112.41406,112.73964,112.36186,112.488
2026-01-01 11:16:00,112.488,113.06072,112.41282,112.91619
2026-01-01 11:17:00,112.91619,113.24725,112.73054,112.96518
2026-01-01 11:18:00,112.96518,113.35396,112.94965,113.25707
2026-01-01 11:19:00,113.25707,113.63138,113.19117,113.5049
2026-01-01 11:20:00,113.5049,113.61766,113.0676,113.31315
2026-01-01 11:21:00,113.31315,113.50084,113.13115,113.31482
2026-01-01 11:22:00,113.31482,113.87547,113.05435,113.7545
2026-01-01 11:23:00,113.7545,113.93303,113.35572,113.57554
2026-01-01 11:24:00,113.57554,113.57682,113.1723,113.20574
2026-01-01 11:25:00,113.20574,113.25529,112.51042,112.7905
2026-01-01 11:26:00,112.7905,112.94893,112.40765,112.68592
2026-01-01 11:27:00,112.68592,113.17507,112.55131,113.08611
2026-01-01 11:28:00,113.08611,113.12359,112.89752,113.12329
2026-01-01 11:29:00,113.12329,113.16683,112.97017,113.0329
2026-01-01 11:30:00,113.0329,113.50903,112.9932,113.46562
2026-01-01 11:31:00,113.46562,113.63126,113.17742,113.4776
2026-01-01 11:32:00,113.4776,113.61465,113.18029,113.46628
2026-01-01 11:33:00,113.46628,113.6803,112.98281,113.11854
2026-01-01 11:34:00,113.11854,113.44838,112.954,113.40506
2026-01-01 11:35:00,113.40506,113.56167,112.73588,112.91828
2026-01-01 11:36:00,112.91828,113.27348,112.77564,113.00114
2026-01-01 11:37:00,113.00114,113.4337,112.93298,113.20538
2026-01-01 11:38:00,113.20538,113.41557,112.71053,112.76003
2026-01-01 11:39:00,112.76003,113.27582,112.54309,112.98963
2026-01-01 11:40:00,112.98963,113.15596,112.38031,112.5214
2026-01-01 11:41:00,112.5214,112.91333,112.43418,112.86345
2026-01-01 11:42:00,112.86345,112.87765,112.18989,112.43984
2026-01-01 11:43:00,112.43984,112.89092,112.25838,112.82749
2026-01-01 11:44:00,112.82749,112.85021,112.49628,112.70294
2026-01-01 11:45:00,112.70294,112.8671,112.62354,112.71259
2026-01-01 11:46:00,112.71259,112.84635,112.33713,112.37466
2026-01-01 11:47:00,112.37466,112.73245,112.21899,112.5922
2026-01-01 11:48:00,112.5922,112.73294,112.49015,112.57053
2026-01-01 11:49:00,112.57053,112.8564,112.56887,112.7415
2026-01-01 11:50:00,112.7415,113.30901,112.70574,113.09292
2026-01-01 11:51:00,113.09292,113.75807,112.80505,113.47988
2026-01-01 11:52:00,113.47988,113.67713,113.13195,113.31249
2026-01-01 11:53:00,113.31249,113.38738,112.86322,113.0901
2026-01-01 11:54:00,113.0901,113.2178,112.31273,112.60827
2026-01-01 11:55:00,112.60827,112.77347,112.22746,112.24245
2026-01-01 11:56:00,112.24245,112.43731,111.99713,112.1224
2026-01-01 11:57:00,112.1224,112.16504,111.4846,111.64529
2026-01-01 11:58:00,111.64529,112.15224,111.44347,111.8751
2026-01-01 11:59:00,111.8751,111.95487,111.1685,111.42952
2026-01-01 12:00:00,111.42952,111.43853,111.06323,111.30232
2026-01-01 12:01:00,111.30232,111.73159,111.15101,111.70962
2026-01-01 12:02:00,111.70962,111.98851,111.53805,111.80621
2026-01-01 12:03:00,111.80621,112.2538,111.75256,112.0799
2026-01-01 12:04:00,112.0799,112.15903,111.40589,111.61497
2026-01-01 12:05:00,111.61497,111.81863,111.42407,111.75446
2026-01-01 12:06:00,111.75446,112.3554,111.7017,112.06642
2026-01-01 12:07:00,112.06642,112.45832,112.05804,112.45253
2026-01-01 12:08:00,112.45253,112.71517,112.23046,112.24828
2026-01-01 12:09:00,112.24828,112.59534,112.19478,112.52334
2026-01-01 12:10:00,112.52334,112.69086,111.97835,112.0889
2026-01-01 12:11:00,112.0889,112.23154,112.03473,112.15975
2026-01-01 12:12:00,112.15975,112.56724,112.04899,112.43809
2026-01-01 12:13:00,112.43809,112.79535,112.25417,112.58435
2026-01-01 12:14:00,112.58435,112.65488,112.28289,112.51972
2026-01-01 12:15:00,112.51972,112.96469,112.50917,112.79013
2026-01-01 12:16:00,112.79013,112.81221,112.55598,112.70842
2026-01-01 12:17:00,112.70842,112.71057,112.3638,112.63679
2026-01-01 12:18:00,112.63679,112.70707,112.36186,112.53994
2026-01-01 12:19:00,112.53994,113.01497,112.31761,112.94874
2026-01-01 12:20:00,112.94874,113.16747,112.32969,112.58987
2026-01-01 12:21:00,112.58987,112.74055,112.00804,112.21463
2026-01-01 12:22:00,112.21463,112.35206,112.04794,112.18735
2026-01-01 12:23:00,112.18735,112.58666,111.99897,112.39301
2026-01-01 12:24:00,112.39301,112.49546,112.12054,112.45115
2026-01-01 12:25:00,112.45115,112.87345,112.21371,112.85926
2026-01-01 12:26:00,112.85926,113.0873,112.26624,112.48215
2026-01-01 12:27:00,112.48215,112.84081,112.43446,112.80918
2026-01-01 12:28:00,112.80918,113.4858,112.61928,113.26861
2026-01-01 12:29:00,113.26861,113.38472,112.91375,113.17406
2026-01-01 12:30:00,113.17406,113.6914,112.90203,113.67223
2026-01-01 12:31:00,113.67223,113.71963,113.15917,113.37641
2026-01-01 12:32:00,113.37641,113.42476,113.19494,113.28339
2026-01-01 12:33:00,113.28339,113.94544,113.10638,113.64607
2026-01-01 12:34:00,113.64607,114.07192,113.52164,114.04157
2026-01-01 12:35:00,114.04157,114.29536,113.82448,114.12771
2026-01-01 12:36:00,114.12771,114.71753,113.85807,114.56016
2026-01-01 12:37:00,114.56016,114.79267,114.3605,114.41333
2026-01-01 12:38:00,114.41333,114.88773,114.13653,114.67948
2026-01-01 12:39:00,114.67948,114.99734,114.41909,114.73241
2026-01-01 12:40:00,114.73241,115.19345,114.63441,115.00829
2026-01-01 12:41:00,115.00829,115.59188,115.00156,115.3171
2026-01-01 12:42:00,115.3171,115.56722,115.10659,115.3445
2026-01-01 12:43:00,115.3445,115.6276,114.91263,114.96877
2026-01-01 12:44:00,114.96877,115.42568,114.96597,115.32481
2026-01-01 12:45:00,115.32481,115.53629,114.88714,115.18673
2026-01-01 12:46:00,115.18673,115.4383,114.85949,115.0505
2026-01-01 12:47:00,115.0505,115.21091,114.93738,115.13885
2026-01-01 12:48:00,115.13885,115.44819,115.01193,115.43619
2026-01-01 12:49:00,115.43619,115.53265,115.11113,115.20323
2026-01-01 12:50:00,115.20323,115.72904,114.93832,115.62471
2026-01-01 12:51:00,115.62471,115.66851,115.01404,115.25242
2026-01-01 12:52:00,115.25242,115.55531,115.06566,115.48581
2026-01-01 12:53:00,115.48581,115.60855,115.43288,115.59069
2026-01-01 12:54:00,115.59069,115.74331,115.40469,115.46381
2026-01-01 12:55:00,115.46381,115.84387,115.29254,115.66201
2026-01-01 12:56:00,115.66201,116.09051,115.52116,115.82348
2026-01-01 12:57:00,115.82348,115.93412,115.58025,115.74447
2026-01-01 12:58:00,115.74447,115.84903,114.99149,115.24828
2026-01-01 12:59:00,115.24828,115.36518,114.76026,114.93864
2026-01-01 13:00:00,114.93864,115.54235,114.64096,115.39911
2026-01-01 13:01:00,115.39911,115.44852,114.78016,114.9412
2026-01-01 13:02:00,114.9412,115.59704,114.69422,115.37165
2026-01-01 13:03:00,115.37165,116.07467,115.3275,115.79747
2026-01-01 13:04:00,115.79747,116.2763,115.69604,116.05716
2026-01-01 13:05:00,116.05716,116.24643,115.50063,115.76671
2026-01-01 13:06:00,115.76671,115.79089,115.50301,115.5278
2026-01-01 13:07:00,115.5278,115.5493,114.95519,115.23134
2026-01-01 13:08:00,115.23134,115.24616,114.66579,114.75567
2026-01-01 13:09:00,114.75567,115.01292,114.00769,114.29914
2026-01-01 13:10:00,114.29914,114.91803,114.00326,114.7673
2026-01-01 13:11:00,114.7673,114.8835,114.61517,114.68112
2026-01-01 13:12:00,114.68112,114.88097,114.25711,114.38307
2026-01-01 13:13:00,114.38307,114.82654,114.23802,114.62501
2026-01-01 13:14:00,114.62501,114.82625,114.50185,114.68668
2026-01-01 13:15:00,114.68668,115.10177,114.58095,115.07963
2026-01-01 13:16:00,115.07963,115.80863,114.84521,115.53398
2026-01-01 13:17:00,115.53398,115.77386,115.00971,115.21696
2026-01-01 13:18:00,115.21696,115.28053,114.97787,115.07199
2026-01-01 13:19:00,115.07199,115.77877,114.99152,115.53904
2026-01-01 13:20:00,115.53904,115.91081,115.32646,115.7681
2026-01-01 13:21:00,115.7681,116.25929,115.67507,116.06485
2026-01-01 13:22:00,116.06485,116.49354,115.81995,116.4593
2026-01-01 13:23:00,116.4593,116.5129,116.33968,116.47477
2026-01-01 13:24:00,116.47477,116.8743,116.18614,116.64932
2026-01-01 13:25:00,116.64932,116.83192,116.34318,116.53521
2026-01-01 13:26:00,116.53521,116.54272,116.02439,116.12664
2026-01-01 13:27:00,116.12664,116.58644,116.0172,116.5379
2026-01-01 13:28:00,116.5379,116.79971,116.1027,116.33147
2026-01-01 13:29:00,116.33147,116.61799,116.05365,116.12215
2026-01-01 13:30:00,116.12215,116.38841,115.55575,115.82987
2026-01-01 13:31:00,115.82987,115.93275,115.30867,115.51476
2026-01-01 13:32:00,115.51476,116.09615,115.44877,115.93211
2026-01-01 13:33:00,115.93211,116.03802,115.52006,115.56854
2026-01-01 13:34:00,115.56854,115.72115,115.13776,115.17691
2026-01-01 13:35:00,115.17691,115.38726,115.0014,115.04792
2026-01-01 13:36:00,115.04792,115.70932,115.02792,115.42266
2026-01-01 13:37:00,115.42266,115.62199,114.92028,115.01564
2026-01-01 13:38:00,115.01564,115.34241,114.89199,115.16533
2026-01-01 13:39:00,115.16533,115.22768,115.02886,115.02949
2026-01-01 13:40:00,115.02949,115.3098,114.78514,115.12704
2026-01-01 13:41:00,115.12704,115.36424,114.86769,115.23277
2026-01-01 13:42:00,115.23277,115.60632,115.02017,115.35831
2026-01-01 13:43:00,115.35831,115.44008,114.99509,115.12836
2026-01-01 13:44:00,115.12836,115.24603,114.84588,115.21193
2026-01-01 13:45:00,115.21193,115.257,114.98694,115.09322
2026-01-01 13:46:00,115.09322,115.23273,114.73242,115.02941
2026-01-01 13:47:00,115.02941,115.57384,115.00051,115.41998
2026-01-01 13:48:00,115.41998,115.4926,115.30952,115.36765
2026-01-01 13:49:00,115.36765,115.71397,115.11198,115.65538
2026-01-01 13:50:00,115.65538,116.27177,115.51486,116.03322
2026-01-01 13:51:00,116.03322,116.31662,115.52027,115.70428
2026-01-01 13:52:00,115.70428,115.76354,115.35783,115.38676
2026-01-01 13:53:00,115.38676,115.49554,115.11491,115.40779
2026-01-01 13:54:00,115.40779,115.93492,115.17534,115.89333
2026-01-01 13:55:00,115.89333,116.14027,115.77951,115.93118
2026-01-01 13:56:00,115.93118,116.2108,115.88579,116.17819
2026-01-01 13:57:00,116.17819,116.26723,115.62773,115.82732
2026-01-01 13:58:00,115.82732,116.45959,115.67261,116.23802
2026-01-01 13:59:00,116.23802,116.35212,115.83176,115.9664
2026-01-01 14:00:00,115.9664,116.36857,115.71927,116.31502
2026-01-01 14:01:00,116.31502,117.0737,116.23143,116.78592
2026-01-01 14:02:00,116.78592,117.07074,116.48771,116.74375
2026-01-01 14:03:00,116.74375,117.08705,116.66706,116.90311
2026-01-01 14:04:00,116.90311,117.14246,116.81944,117.10782
2026-01-01 14:05:00,117.10782,117.16983,116.8539,116.86338
2026-01-01 14:06:00,116.86338,117.13546,116.74762,117.13506
2026-01-01 14:07:00,117.13506,117.29996,116.60579,116.80136
2026-01-01 14:08:00,116.80136,116.86898,116.3127,116.42136
2026-01-01 14:09:00,116.42136,116.72463,116.33911,116.47906
2026-01-01 14:10:00,116.47906,116.48422,116.06064,116.25445
2026-01-01 14:11:00,116.25445,116.52876,116.03917,116.37595
2026-01-01 14:12:00,116.37595,116.81061,116.37008,116.65003
2026-01-01 14:13:00,116.65003,117.02709,116.61289,116.84662
2026-01-01 14:14:00,116.84662,116.98491,116.41424,116.63772
2026-01-01 14:15:00,116.63772,116.84636,116.13743,116.31886
2026-01-01 14:16:00,116.31886,116.60051,116.00004,116.19519
2026-01-01 14:17:00,116.19519,116.28852,115.85258,115.93507
2026-01-01 14:18:00,115.93507,116.38424,115.67758,116.25499
2026-01-01 14:19:00,116.25499,116.35532,116.18316,116.2517
2026-01-01 14:20:00,116.2517,116.46892,116.19736,116.33292
2026-01-01 14:21:00,116.33292,116.86398,116.0795,116.58606
2026-01-01 14:22:00,116.58606,117.15344,116.33912,116.92121
2026-01-01 14:23:00,116.92121,117.33814,116.65466,117.2712
2026-01-01 14:24:00,117.2712,117.3922,116.94646,117.11746
2026-01-01 14:25:00,117.11746,117.33031,116.83975,116.87589
2026-01-01 14:26:00,116.87589,116.95379,116.60748,116.73225
2026-01-01 14:27:00,116.73225,116.92725,116.45961,116.6116
2026-01-01 14:28:00,116.6116,117.08586,116.4191,117.08291
2026-01-01 14:29:00,117.08291,117.299,116.90082,117.21804
2026-01-01 14:30:00,117.21804,117.39826,117.21571,117.27486
2026-01-01 14:31:00,117.27486,117.61277,117.05805,117.35598
2026-01-01 14:32:00,117.35598,117.41001,117.14527,117.1595
2026-01-01 14:33:00,117.1595,117.41035,116.57698,116.71384
2026-01-01 14:34:00,116.71384,116.80959,116.48027,116.66859
2026-01-01 14:35:00,116.66859,116.89615,116.39773,116.52255
2026-01-01 14:36:00,116.52255,116.73079,116.47096,116.69479
2026-01-01 14:37:00,116.69479,116.83091,116.27343,116.27763
2026-01-01 14:38:00,116.27763,116.61478,116.07537,116.48034
2026-01-01 14:39:00,116.48034,116.61809,116.03052,116.21537
2026-01-01 14:40:00,116.21537,116.4863,116.05777,116.4234
2026-01-01 14:41:00,116.4234,116.51772,116.14122,116.22941
2026-01-01 14:42:00,116.22941,116.72951,116.02618,116.6283
2026-01-01 14:43:00,116.6283,117.01844,116.57055,116.8774
2026-01-01 14:44:00,116.8774,116.99909,116.47495,116.67062
2026-01-01 14:45:00,116.67062,117.23523,116.57286,116.94329
2026-01-01 14:46:00,116.94329,117.00799,116.66509,116.8575
2026-01-01 14:47:00,116.8575,117.29332,116.652,117.03045
2026-01-01 14:48:00,117.03045,117.66067,116.75642,117.50959
2026-01-01 14:49:00,117.50959,117.77536,117.25557,117.56529
2026-01-01 14:50:00,117.56529,117.61362,117.36338,117.55635
2026-01-01 14:51:00,117.55635,118.08669,117.32646,117.80825
2026-01-01 14:52:00,117.80825,118.1418,117.80706,118.10132
2026-01-01 14:53:00,118.10132,118.23033,117.45861,117.75107
2026-01-01 14:54:00,117.75107,117.89133,117.44639,117.6948
2026-01-01 14:55:00,117.6948,117.92477,117.52331,117.53171
2026-01-01 14:56:00,117.53171,117.73177,117.51107,117.69895
2026-01-01 14:57:00,117.69895,118.49062,117.46102,118.19492
2026-01-01 14:58:00,118.19492,118.5137,118.10099,118.25921
2026-01-01 14:59:00,118.25921,118.44607,117.78363,117.86705
2026-01-01 15:00:00,117.86705,118.34391,117.71553,118.16073
2026-01-01 15:01:00,118.16073,118.51772,117.99282,118.4478
2026-01-01 15:02:00,118.4478,119.05887,118.3177,118.81992
2026-01-01 15:03:00,118.81992,118.89143,118.12117,118.35243
2026-01-01 15:04:00,118.35243,118.55028,117.89134,118.01477
2026-01-01 15:05:00,118.01477,118.41758,117.80243,118.34628
2026-01-01 15:06:00,118.34628,118.93066,118.22236,118.75071
2026-01-01 15:07:00,118.75071,118.93088,118.53736,118.68769
2026-01-01 15:08:00,118.68769,119.07457,118.65944,118.94941
2026-01-01 15:09:00,118.94941,119.14227,118.54019,118.58815
2026-01-01 15:10:00,118.58815,118.74414,118.31973,118.36527
2026-01-01 15:11:00,118.36527,118.45511,118.04336,118.13377
2026-01-01 15:12:00,118.13377,118.15489,117.53107,117.79539
2026-01-01 15:13:00,117.79539,117.90403,117.70177,117.76506
2026-01-01 15:14:00,117.76506,118.00742,117.23354,117.32486
2026-01-01 15:15:00,117.32486,117.44031,117.0958,117.19524
2026-01-01 15:16:00,117.19524,117.44167,116.79235,116.84492
2026-01-01 15:17:00,116.84492,117.05774,116.83809,116.88096
2026-01-01 15:18:00,116.88096,117.57526,116.77954,117.32268
2026-01-01 15:19:00,117.32268,117.44017,116.84849,117.01248
2026-01-01 15:20:00,117.01248,117.05326,116.45855,116.67113
2026-01-01 15:21:00,116.67113,117.23525,116.60692,117.06601
2026-01-01 15:22:00,117.06601,117.11256,116.60938,116.85291
2026-01-01 15:23:00,116.85291,116.86987,116.55808,116.74359
2026-01-01 15:24:00,116.74359,116.99678,116.40027,116.68877
2026-01-01 15:25:00,116.68877,117.03607,116.61629,117.00848
2026-01-01 15:26:00,117.00848,117.09595,116.74596,116.84227
2026-01-01 15:27:00,116.84227,117.15976,116.54831,117.08981
2026-01-01 15:28:00,117.08981,117.37027,116.92623,117.12049
2026-01-01 15:29:00,117.12049,117.67959,117.0587,117.56576
2026-01-01 15:30:00,117.56576,118.06928,117.36543,117.80631
2026-01-01 15:31:00,117.80631,118.42915,117.65845,118.14489
2026-01-01 15:32:00,118.14489,118.41178,118.12419,118.23694
2026-01-01 15:33:00,118.23694,118.69064,117.9954,118.65972
2026-01-01 15:34:00,118.65972,119.16933,118.64293,119.01893
2026-01-01 15:35:00,119.01893,119.08493,118.80159,118.8435
2026-01-01 15:36:00,118.8435,119.25148,118.82935,119.14149
2026-01-01 15:37:00,119.14149,119.81246,118.858,119.54549
2026-01-01 15:38:00,119.54549,119.66032,119.16711,119.23551
2026-01-01 15:39:00,119.23551,119.72157,118.99277,119.53109
2026-01-01 15:40:00,119.53109,119.97321,119.46452,119.73758
2026-01-01 15:41:00,119.73758,119.76149,119.63338,119.6863
2026-01-01 15:42:00,119.6863,119.80529,119.39187,119.57615
2026-01-01 15:43:00,119.57615,119.75755,119.15832,119.31638
2026-01-01 15:44:00,119.31638,119.31962,119.04895,119.06227
2026-01-01 15:45:00,119.06227,119.48607,119.0599,119.32252
2026-01-01 15:46:00,119.32252,119.41742,119.07909,119.16702
2026-01-01 15:47:00,119.16702,119.45193,118.56769,118.80298
2026-01-01 15:48:00,118.80298,118.91951,118.73437,118.89786
2026-01-01 15:49:00,118.89786,119.35448,118.88843,119.22017
2026-01-01 15:50:00,119.22017,119.68145,118.92058,119.60496
2026-01-01 15:51:00,119.60496,119.62841,119.25191,119.4192
2026-01-01 15:52:00,119.4192,119.67027,119.10236,119.17544
2026-01-01 15:53:00,119.17544,119.49488,118.94338,119.45852
2026-01-01 15:54:00,119.45852,119.69778,119.32392,119.58966
2026-01-01 15:55:00,119.58966,120.16887,119.4436,119.90377
2026-01-01 15:56:00,119.90377,119.93015,119.68159,119.88482
2026-01-01 15:57:00,119.88482,120.10011,119.2478,119.53336
2026-01-01 15:58:00,119.53336,120.03748,119.44786,119.88067
2026-01-01 15:59:00,119.88067,120.05191,119.18534,119.38532
2026-01-01 16:00:00,119.38532,119.54191,119.16928,119.21557
2026-01-01 16:01:00,119.21557,119.33237,118.72614,118.99889
2026-01-01 16:02:00,118.99889,119.04736,118.65884,118.701
2026-01-01 16:03:00,118.701,118.86645,118.63397,118.78823
2026-01-01 16:04:00,118.78823,119.1179,118.49246,118.932
2026-01-01 16:05:00,118.932,118.98672,118.51284,118.68951
2026-01-01 16:06:00,118.68951,118.89959,118.4795,118.73312
2026-01-01 16:07:00,118.73312,119.21241,118.50097,119.05971
2026-01-01 16:08:00,119.05971,119.69038,118.90872,119.47072
2026-01-01 16:09:00,119.47072,119.5225,118.95691,119.13354
2026-01-01 16:10:00,119.13354,119.18049,118.53319,118.78913
2026-01-01 16:11:00,118.78913,118.97998,118.55329,118.5717
2026-01-01 16:12:00,118.5717,118.75907,118.05984,118.2584
2026-01-01 16:13:00,118.2584,118.4971,118.0619,118.1067
2026-01-01 16:14:00,118.1067,118.33838,118.02277,118.0942
2026-01-01 16:15:00,118.0942,118.35082,118.05275,118.30993
2026-01-01 16:16:00,118.30993,118.68879,118.19209,118.52163
2026-01-01 16:17:00,118.52163,119.124,118.22463,118.85263
2026-01-01 16:18:00,118.85263,119.09211,118.80532,118.98199
2026-01-01 16:19:00,118.98199,119.09113,118.64595,118.77525
2026-01-01 16:20:00,118.77525,119.02129,118.47991,118.94969
2026-01-01 16:21:00,118.94969,119.39062,118.79904,119.35419
2026-01-01 16:22:00,119.35419,119.99052,119.30655,119.82455
2026-01-01 16:23:00,119.82455,119.87875,119.60583,119.64735
2026-01-01 16:24:00,119.64735,119.84114,119.05274,119.33385
2026-01-01 16:25:00,119.33385,119.62183,119.25684,119.26355
2026-01-01 16:26:00,119.26355,119.2917,118.68112,118.84166
2026-01-01 16:27:00,118.84166,119.10453,118.66396,118.77182
2026-01-01 16:28:00,118.77182,118.92085,118.4774,118.65163
2026-01-01 16:29:00,118.65163,118.77708,118.62436,118.66963
2026-01-01 16:30:00,118.66963,118.75252,118.17281,118.19533
2026-01-01 16:31:00,118.19533,118.38151,117.96864,118.30685
2026-01-01 16:32:00,118.30685,118.59256,117.82018,118.08759
2026-01-01 16:33:00,118.08759,118.42168,117.97423,118.33151
2026-01-01 16:34:00,118.33151,118.45346,117.81247,118.07687
2026-01-01 16:35:00,118.07687,118.46067,117.85127,118.37651
2026-01-01 16:36:00,118.37651,118.48358,118.18661,118.27222
2026-01-01 16:37:00,118.27222,118.85551,118.19288,118.69983
2026-01-01 16:38:00,118.69983,118.86691,118.04271,118.30842
2026-01-01 16:39:00,118.30842,118.59788,117.80867,117.97806
